feature,importance
INJURY,0.26379121838765146
ACCNUM,0.04669541487411598
DISTANCE_TO_CLUSTER_CENTER,0.0459616644488833
y,0.04449964002330909
LATITUDE,0.04399034643496396
TIME,0.04260966720945389
LONGITUDE,0.04110610178690148
STREET2,0.04011533118345154
x,0.03998925532313927
STREET1,0.03720246262980423
NEIGHBOURHOOD_158,0.031014368025578755
Hour,0.02690680425370823
INVAGE,0.018782616889860534
OFFSET,0.01847486088043589
DIVISION,0.017427258510660765
IMPACTYPE,0.015341391729751378
LIGHT,0.0133225852336524
VEHTYPE,0.012632035842157203
LOCATION_CLUSTER,0.012549028778189713
ACCLOC,0.012545247093848546
TimePeriod,0.01152648236877699
TRUCK,0.010655355703638075
DRIVCOND,0.010357262825081093
TRAFFCTL,0.00962666800739669
ROAD_CLASS,0.009501047735688332
PEDESTRIAN,0.009208214756394436
INITDIR,0.008694403934468692
SPEEDING,0.008264066017943564
INVTYPE,0.008216408297723863
PASSENGER,0.00795464681950562
DISTRICT,0.007743364952996235
DRIVACT,0.007299474378171672
MANOEUVER,0.006977092256014417
PEDCOND,0.006560581259639783
AG_DRIV,0.006342112630149153
RDSFCOND,0.006305781526909042
VISIBILITY,0.0054642031918472386
TRSN_CITY_VEH,0.005076311574067524
PEDTYPE,0.004446651779568327
AUTOMOBILE,0.004320310128802473
PEDACT,0.004249971877878094
ALCOHOL,0.003549221534939596
MOTORCYCLE,0.0032029472259162916
REDLIGHT,0.0030526008347599347
DISABILITY,0.00299679633821729
CYCLIST,0.0026702008910400904
CYCLISTYPE,0.0002789164369636047
CYCCOND,0.00023190221998040981
CYCACT,0.00015773279243954817
EMERG_VEH,0.00011197016356429727
